L,k,LogSweeps,mean,sem,knorm
36,10000,10,275.93824936750445,0.031622879480840575,1.0
36,11000,10,140.08538523671038,0.015975110001014273,1.4142135623730951
