Sigma,LogSweeps,Delta,Delta_err
0.784,23,0.08119891008174387,0.003840576659739505
0.784,24,0.08374978459417542,0.003798967376365432
0.784,25,0.08280367231638418,0.003823518331163085
