Sigma,LogSweeps,Delta,Delta_err
0.6,23,0.10833333333333334,0.004750730937913074
0.6,24,0.106875,0.004718646522044219
0.6,25,0.10921052631578948,0.00489384070272399
