N,Delta,Delta_err
64,0.0,0.0
128,0.0,0.0
256,0.00216323,0.0006515318
512,0.0044097,0.0009380762
1024,0.0171833,0.0023853802
2048,0.0983444,0.0054186573
