Sigma,LogSweeps,Delta,Delta_err
0.896,23,0.07075173720783323,0.0038598237060061824
0.896,24,0.071172878500737,0.003871294232649028
0.896,25,0.07033059591492946,0.003848318989786706
