slope,slope_err,gx,gx_err
0.16807401165580343,0.009000364482531338,0.40721981499456755,0.0024196405216141215
