yt,yt_err,C15,C20
2.5121450828955063,0.010713281015978193,-1.9364989774125185,-1.7570856802250916
