yt,yt_err,C15,D15,C20,D20
1.9667472562274537,0.012047725204776347,-6.046878489198645,18.094603306024652,-5.377376181764093,16.259256122754365
