yt,yt_err,C15,D15,C20,D20
2.0076944284688794,0.009961545298804877,-5.955603981542188,10.289779074057714,-5.311871282000009,8.56200813287659
