lambda,lambda_err,omega,omega_err,C15,C20
2.0035935694536406,0.004186109868663504,1.0038093250666784,0.03911934418489491,2.2905580069002047,2.014239566830672
