yt,yt_err,C15,C20
1.970066795166288,0.04107360812316296,1.691335039624601,1.4986828313965048
