yt,yt_err,C15,C20
2.446712720435506,0.011665389608452486,2.3849501549960492,2.0137116465196794
